EVENT_ID,CZ_NAME_STR,BEGIN_LOCATION,BEGIN_DATE,BEGIN_TIME,EVENT_TYPE,MAGNITUDE,TOR_F_SCALE,DEATHS_DIRECT,INJURIES_DIRECT,DAMAGE_PROPERTY_NUM,DAMAGE_CROPS_NUM,STATE_ABBR,CZ_TIMEZONE,MAGNITUDE_TYPE,EPISODE_ID,CZ_TYPE,CZ_FIPS,WFO,INJURIES_INDIRECT,DEATHS_INDIRECT,SOURCE,FLOOD_CAUSE,TOR_LENGTH,TOR_WIDTH,BEGIN_RANGE,BEGIN_AZIMUTH,END_RANGE,END_AZIMUTH,END_LOCATION,END_DATE,END_TIME,BEGIN_LAT,BEGIN_LON,END_LAT,END_LON,EVENT_NARRATIVE,EPISODE_NARRATIVE,ABSOLUTE_ROWNUMBER
665473,SUFFOLK (ZONE), ,11/01/2016,0,Drought, , ,0,0,0,0,MA,EST-5, ,111550,Z,15,BOX,0,0,Drought Monitor, , , , , , , , ,11/30/2016,2359, , , , ,"The U.S. Drought Monitor improved Suffolk County from Extreme Drought (D3) to Severe Drought (D2) on November 1. No additional changes in drought designation occurred during the remainder of November.","Rainfall was below normal for all of Massachusetts during November, with amounts in Southeast Massachusetts ranging from near 2 to 3 inches below normal.||A Drought Warning remains in effect for most of Massachusetts.  A Drought Advisory continued for Cape Cod and the Islands. ||November average streamflows were mostly below or significantly below normal in every drought region. Groundwater levels were below normal in all areas except in the Northeast and Cape/Islands. Reservoir levels were below normal for all regions.",1
667191,SUFFOLK (ZONE), ,11/20/2016,1900,Strong Wind,40.00, ,0,0,3000,0,MA,EST-5,MG,111863,Z,15,BOX,0,0,Amateur Radio, , , , , , , , ,11/21/2016,1600, , , , ,"Weatherflow mesonet sites recorded wind gusts of 46 mph at Deer Island at 711 PM on the 20th and at Carson Beach at 201 PM on the 21st.  In between these times, amateur radio operators reported that siding was blown off of a multi-story building in Dorchester at 7 AM on the 21st.","A surface low pressure area tracked across northeast MA late on Nov. 20 and moved northeast of the region on Nov. 21. A potent upper level disturbance moved across southern New England on the 20th.  ||Rain changed to a period of heavy wet snow across the higher terrain above 1000 feet in the slopes of the Berkshires early in the morning on the 20th.  Snow accumulated 3 to 5 inches by 8 AM on the 20th.  Then another 2 to 4 inches occurred from the 20th into early on the 21st...with 2-day totals reaching 9 inches in Heath and 6 inches in Rowe, both in Franklin County, MA.  This did not reach Winter Storm Warning temporal thresholds.  ||Gusty southwest winds also occurred on the 20th, followed by strong west winds with a few pockets of high winds behind the system on the 21st, causing some damage.",2
668380,SUFFOLK (ZONE), ,12/01/2016,0,Drought, , ,0,0,0,0,MA,EST-5, ,112075,Z,15,BOX,0,0,Drought Monitor, , , , , , , , ,12/31/2016,2359, , , , ,"The U.S. Drought Monitor continued the Severe Drought (D2) designation in Suffolk County through the month of December.","Precipitation was below normal for most of Massachusetts during December, but with areas of above normal amounts along the North Shore and around Quabbin Reservoir in Central Massachusetts.  Amounts in Southeast Massachusetts were near 2 inches below normal while Amherst was near 1 inch above normal.||A Drought Warning remains in effect for most of Massachusetts. A Drought Advisory continued for Cape Cod and the Islands. ||Although rivers and streams had some fluctuations during the month, they were predominantly at below normal levels during December. Reservoirs monitored by Massachusetts Department of Conservation and Recreation (DCR), were mainly at below normal levels.",3
669183,SUFFOLK (ZONE), ,12/15/2016,1200,High Wind,51.00, ,0,0,800,0,MA,EST-5,MG,112220,Z,15,BOX,0,0,Amateur Radio, , , , , , , , ,12/16/2016,200, , , , ,"Winds gusted to 59 mph in Brookline.  A tree was brought down on wires along River Road in Winthrop.  A Tree was down on a car on Pleasant Street in Boston. Power Lines were brought down on Seattle Street in Boston.","An arctic cold front moved across New England Thursday afternoon and evening followed by strong northwest winds and cold air.",4
669249,SUFFOLK (ZONE), ,12/17/2016,0,Winter Weather, , ,0,0,0,0,MA,EST-5, ,112229,Z,15,BOX,0,0,Trained Spotter, , , , , , , , ,12/17/2016,1600, , , , ,"Two to five inches of snow fell on Suffolk County.","An area of low pressure developed south of New England Friday night the 16th, moved along the Southern New England coast on Saturday the 17th, and moved to the Maritimes by Sunday the 18th.  This combined with cold air already in place over the region brought a broad area of snow over Southern New England.",5
669660,SUFFOLK (ZONE), ,12/18/2016,1400,Strong Wind,41.00, ,0,0,700,0,MA,EST-5,MG,112300,Z,15,BOX,0,0,Amateur Radio, , , , , , , , ,12/18/2016,1700, , , , ,"A tree was reported down across the VFR Parkway in West Roxbury.  An amateur radio site reported a wind gust to 47 mph.","Low pressure moving up the St Lawrence Valley brought strong gusty southwest winds to Southern New England.  This caused scattered tree and wire damage in Massachusetts.",6
669684,SUFFOLK (ZONE), ,12/27/2016,200,High Wind,35.00, ,0,0,100,0,MA,EST-5,MS,112312,Z,15,BOX,0,0,ASOS, , , , , , , , ,12/27/2016,600, , , , ,"The Automated Surface Observation System at Logan International Airport in Boston (KBOS) reported a sustained wind of 40 mph and a gust of 51 mph.","An approaching cold front brought strong southwest winds across Massachusetts during the early and mid morning of the 27th.",7
672780,SUFFOLK (ZONE), ,01/01/2017,0,Drought, , ,0,0,0,0,MA,EST-5, ,112323,Z,15,BOX,0,0,Drought Monitor, , , , , , , , ,01/24/2017,0, , , , ,"The U.S. Drought Monitor continued the Severe Drought (D2) designation in Suffolk County until January 24, when it was reduced to the Moderate Drought (D1) designation.","Precipitation was close to normal for most of Massachusetts during January, but below normal over Southeast Massachusetts. Well above normal temperatures allowed for periods of rainfall and snow melt, prompting an increase in river and stream levels, and also reservoir levels. Soils remained thawed during the month, allowing for groundwater recharge.||A Drought Warning remained in effect for most of Massachusetts, with two exceptions. The Drought Status for Northeast Massachusetts was improved to a Drought Watch. A Drought Advisory continued for Cape Cod and the Islands. ||Rivers and streams received a boost in January, in large part due to mild conditions that enabled rainfall and periods of snowmelt. By the end of the month, many gaged  rivers and streams were running at normal levels. Reservoirs monitored by Massachusetts Department of Conservation and Recreation (DCR), were mainly at normal to below normal levels with some recovery noted.",8
674163,SUFFOLK (ZONE), ,01/07/2017,1000,Winter Storm, , ,0,0,0,0,MA,EST-5, ,112826,Z,15,BOX,0,0,COOP Observer, , , , , , , , ,01/08/2017,100, , , , ,"Seven to eight inches of snow fell on Suffolk County in the day and evening.","Low pressure, the second in three days, developed along the coast of the Carolinas the night of January 6 and moved up the coast to bring snow and wind to Southern New England on January 7.",9
675474,SUFFOLK (ZONE), ,01/23/2017,2130,High Wind,50.00, ,0,0,3200,0,MA,EST-5,EG,112831,Z,15,BOX,0,0,Amateur Radio, , , , , , , , ,01/24/2017,700, , , , ,"The Automated Surface Observation System at Logan International Airport (KBOS) measured a sustained wind of 40 mph.  Power lines were downed on Essex Street in Dorchester. Large limbs were down on Woodruff Way in Mattapan. Tree down on the VFW Parkway in West Roxbury. A tree was downed on Warren Avenue in Hyde Park. A tree was downed on Child Street in Jamaica Plain.","Low pressure that developed over the Gulf States moved up the East Coast on January 23 and 24, passing off Cape Cod on January 24.  The storm moved off through the Martimes on January 25.",10
679223,SUFFOLK (ZONE), ,02/08/2017,100,Winter Weather, , ,0,0,150000,0,MA,EST-5, ,113462,Z,15,BOX,0,0,Newspaper, , , , , , , , ,02/08/2017,1200, , , , ,"Freezing rain caused numerous crashes and in some instances temporary road closures on the major arteries around Boston.  These occurred near the start of the morning commute.","Low pressure wave developed east of Massachusetts along a warm front during the early morning of the 8th. This drew a surge of colder air across the Metropolitan Boston area during the early morning. The colder air combined with wet surface to create icy road surfaces. In addition, a short period of freezing rain moved through during the morning rush hour.",11
679246,SUFFOLK (ZONE), ,02/09/2017,700,Winter Storm, , ,0,0,0,0,MA,EST-5, ,113468,Z,15,BOX,0,0,Trained Spotter, , , , , , , , ,02/09/2017,2100, , , , ,"Ten to twelve inches of snow fell on Suffolk County.","Coastal low pressure developed off the Mid Atlantic coast and passed southeast of New England bringing strong winds and heavy snow.",12
690070,SUFFOLK (ZONE), ,03/02/2017,500,High Wind,35.00, ,0,0,0,0,MA,EST-5,MS,115003,Z,15,BOX,0,0,ASOS, , , , , , , , ,03/02/2017,1500, , , , ,"At 1123 AM EST, the Automated Surface Observing System platform at Logan International Airport in East Boston reported a sustained wind of 40 mph.","Low pressure moving up the St Lawrence Valley swept a cold front through Massachusetts early the morning of March 2.  Behind the cold front, strong west-northwest winds brought colder air to the state.",13
683076,SUFFOLK (ZONE), ,03/14/2017,500,Heavy Snow, , ,0,0,0,0,MA,EST-5, ,113051,Z,15,BOX,0,0,Trained Spotter, , , , , , , , ,03/14/2017,1445, , , , ,"Heavy snow and strong winds combined to produce near-blizzard conditions across Suffolk County in the late morning and early afternoon hours, before changing briefly to sleet and rain, then ending.  At Boston, MA (BOS)...winds gusted to 35+ mph and visibilities were 1/4 mile for 2 hours and 25 minutes 1135 AM to 200 PM.  Snowfall totals ranged from 6.6 inches on the coast at Boston's Logan International Airport to 8.5 inches in Jamaica Plain, in the western portion of Boston.","A major winter storm moved up the east coast, hugging the southern NJ coast then moving rapidly northeast across southern Rhode Island and interior southeast Massachusetts. The storm dropped 12 to nearly 20 inches of snow across much of western, central, and northeastern Massachusetts, with lesser amounts in the southeast, where a changeover to rain occurred in the late morning and early afternoon. Cape Cod only received 1 to 2 inches before changing to rain, with temperatures rising into the 40s. Snowfall rates of 3 inches per hour were observed in western MA.  Damaging winds pounded Cape Cod and the Islands...with gusts to hurricane force.  High winds also occurred along the coast, especially over Cape Ann.  Lawrence, in Essex County, was the only ASOS site to officially reach blizzard conditions.  Gusty winds to 30-50 mph were common in the interior.  Thunder-snow also occurred in northeast MA during the height of the storm.  The snow changed to rain over Cape Cod early in the morning, but didn't change in Boston until 2:45 PM local time, after most of the snow had occurred.  Snow lingered in western and central sections into the late afternoon/early evening.",14
686701,SUFFOLK (ZONE), ,03/14/2017,1100,High Wind,57.00, ,0,0,500,0,MA,EST-5,MG,113051,Z,15,BOX,0,0,Amateur Radio, , , , , , , , ,03/14/2017,1648, , , , ,"High winds impacted Suffolk County during the afternoon hours, partially during snow, and partially during rain.  At 249 PM EDT, an amateur radio operator reported a gust to 66 mph in Brookline.  At 353 PM EDT, sustained winds of 45 mph were recorded at the Logan International Airport ASOS (KBOS) and at 453 PM EDT, a gust to 57 mph was measured there.||At Noon EDT, two trees were reported down in Chelsea...one on Park Street and one on Hawthorne behind Broadway.","A major winter storm moved up the east coast, hugging the southern NJ coast then moving rapidly northeast across southern Rhode Island and interior southeast Massachusetts. The storm dropped 12 to nearly 20 inches of snow across much of western, central, and northeastern Massachusetts, with lesser amounts in the southeast, where a changeover to rain occurred in the late morning and early afternoon. Cape Cod only received 1 to 2 inches before changing to rain, with temperatures rising into the 40s. Snowfall rates of 3 inches per hour were observed in western MA.  Damaging winds pounded Cape Cod and the Islands...with gusts to hurricane force.  High winds also occurred along the coast, especially over Cape Ann.  Lawrence, in Essex County, was the only ASOS site to officially reach blizzard conditions.  Gusty winds to 30-50 mph were common in the interior.  Thunder-snow also occurred in northeast MA during the height of the storm.  The snow changed to rain over Cape Cod early in the morning, but didn't change in Boston until 2:45 PM local time, after most of the snow had occurred.  Snow lingered in western and central sections into the late afternoon/early evening.",15
701307,SUFFOLK CO.,SOUTH BOSTON,06/13/2017,1635,Hail,0.75, ,0,0,0,0,MA,EST-5, ,116152,C,25,BOX,0,0,Amateur Radio, , , ,0,N,0,N,SOUTH BOSTON,06/13/2017,1635,42.33,-71.05,42.33,-71.05,"At 435 PM EST, dime size hail fell in South Boston.","A cold front swept from northwest to southeast across Southern New England on June 13th.  The air leading the cold front was very warm and humid with heat indices in the mid to upper 90s. The collision of the cold front with this air created a few damaging thunderstorms over eastern Massachusetts.",16
709419,SUFFOLK CO.,BRIGHTON,06/27/2017,1955,Thunderstorm Wind,50.00, ,0,0,1000,0,MA,EST-5,EG,117373,C,25,BOX,0,0,Amateur Radio, , , ,1,W,1,W,BRIGHTON,06/27/2017,1955,42.3494,-71.1639,42.3494,-71.1639,"At 755 PM EST, a tree was down on Washington Street in Brighton.","A disturbance at mid-levels in the atmosphere moved from the Great Lakes across New England during the afternoon and evening.  This along with daytime heating through partly sunny skies allowed afternoon and evening thunderstorms to develop.",17
711366,SUFFOLK CO.,BRIGHTON,07/12/2017,1805,Thunderstorm Wind,50.00, ,0,0,1000,0,MA,EST-5,EG,118179,C,25,BOX,0,0,Amateur Radio, , , ,1,SSW,1,SSW,BRIGHTON,07/12/2017,1805,42.3324,-71.159,42.3324,-71.159,"At 605 PM EST, a tree was reported down on Beacon Street in Boston.","A cold front slid across Southern New England, led by a shortwave trough.  High moisture content to the airmass allowed for heavy downpours, while breaks of sunshine generated sufficient instability for damaging thunderstorms.",18
710221,SUFFOLK CO.,CHELSEA,07/12/2017,1917,Flood, , ,0,0,0,0,MA,EST-5, ,118179,C,25,BOX,0,0,Public,Heavy Rain, , ,1,NNW,1,SSW,REVERE,07/12/2017,2215,42.4,-71.04,42.4084,-71.0244,"At 717 PM EST, Carter Street in Chelsea was under a foot and a half of water between Addison Street and Beech Street.  At 724 PM, the Revere Beach Parkway eastbound near Webster Avenue was closed due to flooding.","A cold front slid across Southern New England, led by a shortwave trough.  High moisture content to the airmass allowed for heavy downpours, while breaks of sunshine generated sufficient instability for damaging thunderstorms.",19
712189,SUFFOLK CO.,CHELSEA,07/18/2017,1821,Flood, , ,0,0,0,0,MA,EST-5, ,118544,C,25,BOX,0,0,Emergency Manager,Heavy Rain, , ,1,WNW,1,SSE,REVERE,07/18/2017,2130,42.386,-71.0479,42.4016,-71.0103,"At 621 PM EST, an emergency manager reported widespread flooding through the city of Chelsea, resulting in manhole covers popping off. At 631 PM EST, amateur radio operators  reported Second Street, Shurtleff Street, and Vale Street were all flooded and impassable.","A cold front lay stalled across Massachusetts.  Several heavy downpours moved across the state near the front.  Western Massachusetts and the Merrimack Valley were most affected.",20
713212,SUFFOLK CO.,EAST BOSTON,08/02/2017,1340,Thunderstorm Wind,50.00, ,0,0,1000,0,MA,EST-5,EG,118551,C,25,BOX,0,0,Amateur Radio, , , ,1,SSE,1,SSE,EAST BOSTON,08/02/2017,1340,42.3633,-71.0252,42.3633,-71.0252,"At 140 PM EST, a tree was uprooted on Harborside Drive in East Boston.","A mid-level disturbance moved across Southern New England, tapping very moist and unstable air to create showers and thunderstorms.  Some showers and storms produced heavy downpours and strong wind gusts.",21
713278,SUFFOLK CO.,EAST BOSTON,08/02/2017,1358,Flood, , ,0,0,0,0,MA,EST-5, ,118551,C,25,BOX,0,0,Amateur Radio,Heavy Rain, , ,1,SSE,1,SSE,EAST BOSTON,08/02/2017,1600,42.3573,-71.0262,42.3572,-71.0252,"At 158 PM EST, the Ted Williams Tunnel near Logan Airport flooded, with two feet of water trapping a car in the flood waters.","A mid-level disturbance moved across Southern New England, tapping very moist and unstable air to create showers and thunderstorms.  Some showers and storms produced heavy downpours and strong wind gusts.",22
713274,SUFFOLK CO.,DORCHESTER CENTER,08/02/2017,1637,Flood, , ,0,0,0,0,MA,EST-5, ,118551,C,25,BOX,0,0,Amateur Radio,Heavy Rain, , ,1,NNE,1,E,DORCHESTER CENTER,08/02/2017,1950,42.2923,-71.0596,42.2819,-71.0484,"At 510 PM EST, Southern Avenue in Boston was flooded and impassable.  At 537 PM EST, multiple cars were trapped in flood waters on Quincy Street and Harvard Street in Boston.  The streets were flooded and impassable. A bus was trapped on Gallivan Boulevard, which was flooded and impassable.","A mid-level disturbance moved across Southern New England, tapping very moist and unstable air to create showers and thunderstorms.  Some showers and storms produced heavy downpours and strong wind gusts.",23
713247,SUFFOLK CO.,DORCHESTER CENTER,08/02/2017,1650,Flash Flood, , ,0,0,20000,0,MA,EST-5, ,118551,C,25,BOX,0,0,Amateur Radio,Heavy Rain, , ,1,ENE,1,N,DORCHESTER CENTER,08/02/2017,1950,42.2857,-71.0427,42.2894,-71.0718,"At 450 PM EST, Morrissey Boulevard in Dorchester was flooded and impassable near the Boston Globe Building. Four cars were trapped in the flood waters.At 454 PM EST, Fields Corner mass transit station was flooded and impassable with buses trapped in flood waters. At 455 PM EST Morrissey Boulevard was shut down due to flooding at Neponset Circle. At 455 PM EST, a car was trapped in three feet of water on Columbia Road at Hamilton Street. At 532 PM EST Talbot Street and Park Street and Clayton Street were flooded and impassable.","A mid-level disturbance moved across Southern New England, tapping very moist and unstable air to create showers and thunderstorms.  Some showers and storms produced heavy downpours and strong wind gusts.",24
713254,SUFFOLK CO.,DORCHESTER,08/02/2017,1720,Flash Flood, , ,0,0,10000,0,MA,EST-5, ,118551,C,25,BOX,0,0,Amateur Radio,Heavy Rain, , ,1,N,1,N,DORCHESTER,08/02/2017,1720,42.2883,-71.0802,42.2879,-71.0804,"At 520 PM EST the Woodrow Avenue Railroad Bridge underpass in Mattapan was flooded with cars trapped in the waters.","A mid-level disturbance moved across Southern New England, tapping very moist and unstable air to create showers and thunderstorms.  Some showers and storms produced heavy downpours and strong wind gusts.",25
718748,SUFFOLK CO.,BOSTON,09/14/2017,1746,Thunderstorm Wind,57.00, ,0,0,25000,0,MA,EST-5,EG,119920,C,25,BOX,0,0,Amateur Radio, , , ,0,ESE,1,ESE,BOSTON,09/14/2017,1748,42.3185,-71.0656,42.3172,-71.0569,"At 546 PM EST, an amateur radio operator reported two trees down on Belden Street in the Upham's Corner section of Boston.  Also, two trees were down on Hamlet Street including one down on three cars. A tree was down on Willis Street. A tree was down on wires on Taft Street.","The remnants of Hurricane Irma moved across Southern New England on Thursday the 14th, bringing scattered showers and a few thunderstorms. A few showers and thunderstorms brought damaging winds and heavy downpours.",26
718749,SUFFOLK CO.,(BOS)LOGAN INTL ARPT,09/14/2017,1746,Thunderstorm Wind,57.00, ,0,0,0,0,MA,EST-5,MG,119920,C,25,BOX,0,0,ASOS, , , ,1,WSW,1,WSW,(BOS)LOGAN INTL ARPT,09/14/2017,1746,42.3657,-71.0096,42.3657,-71.0096,"At 546 PM EST, the Automated Surface Observation System platform at Logan International Airport in East Boston reported a wind gust to 66 MPH.","The remnants of Hurricane Irma moved across Southern New England on Thursday the 14th, bringing scattered showers and a few thunderstorms. A few showers and thunderstorms brought damaging winds and heavy downpours.",27
718750,SUFFOLK CO.,BOSTON,09/14/2017,1807,Flood, , ,0,0,25000,0,MA,EST-5, ,119920,C,25,BOX,0,0,Amateur Radio,Heavy Rain, , ,1,SSW,1,NNE,GROVE HALL,09/14/2017,2100,42.3098,-71.0735,42.3094,-71.0731,"At 607 PM EST Columbia Road near Ceylon Street and Hamilton Street In Boston was flooded and impassable. Four cars were trapped in flood waters.","The remnants of Hurricane Irma moved across Southern New England on Thursday the 14th, bringing scattered showers and a few thunderstorms. A few showers and thunderstorms brought damaging winds and heavy downpours.",28
721987,SUFFOLK (ZONE), ,09/21/2017,823,Tropical Storm, , ,0,0,3000,0,MA,EST-5, ,119924,Z,15,BOX,0,0,Amateur Radio, , , , , , , , ,09/21/2017,1345, , , , ,"At 823 AM EST on Sept 21, a tree was down on power lines on Clarendon Street in Boston. At 144 PM EST on Sept 21 a large tree was down on Turtle Pond Parkway, in the Hyde Park section of Boston, at Maple Leaf Drive.","Named storm Jose formed over the Tropical Atlantic, moving west and growing to become a Major Hurricane. Jose passed north of the Leeward Islands, then turned on a northward path north of the Dominican Republic.  As he moved north, Jose diminished to a Tropical Storm during Tuesday the 19th and then stalled about 150 miles southeast of Nantucket.  The storm then slowly drifted south by Friday the 22nd and started to dissipate.||Jose brought strong wind gusts and heavy downpours, primarily to the islands and south coasts of Massachusetts.  Rainfall reached about 6 inches on Nantucket, wind gusts reached 62 mph at Nantucket and Aquinnah, and storm surge brought minor coastal flooding to parts of Nantucket.",29
718795,SUFFOLK CO.,WINTHROP,09/30/2017,701,Flood, , ,0,0,25000,0,MA,EST-5, ,119932,C,25,BOX,0,0,Amateur Radio,Heavy Rain, , ,2,NW,2,NNW,WINTHROP,09/30/2017,1000,42.3984,-70.9911,42.4014,-70.9851,"At 701 AM EST in Winthrop, an apartment basement was flooding on Putnam Street. At 712 AM EST, a car was trapped in flood waters on Crest Avenue. At 720 AM EST a portion of Walden Street and adjacent parking lot were flooded and impassable.  At 735 AM EST, Governors Drive was flooded. At 750 AM EST, a basement was flooded on Bank Street. At 820 AM EST, basement flooding was also reported on Veterans Road. An amateur radio operator reported a storm total rainfall of 2.58 inches in Winthrop.","Low pressure raced east from the Great Lakes bringing showers and isolated thunderstorms to Southern New England on the morning of Saturday the 30th. Several of the showers in Eastern Massachusetts contained locally heavy downpours, and one contained large hail. This brought several reports of flooding in Boston and the North Shore.",30
718799,SUFFOLK CO.,REVERE,09/30/2017,720,Flood, , ,0,0,25000,0,MA,EST-5, ,119932,C,25,BOX,0,0,Amateur Radio,Heavy Rain, , ,2,E,1,NNW,WINTHROP,09/30/2017,1100,42.42,-70.99,42.3981,-70.9837,"At 720 AM EST in Revere, a car was trapped in one foot of flooding on State Route 1A near the East Boston line.  At 742 AM EST, amateur radio reported a flooded basement on Curtis Road. At 747 AM EST, three cars were reported trapped in flood waters on the Revere Beach Parkway.","Low pressure raced east from the Great Lakes bringing showers and isolated thunderstorms to Southern New England on the morning of Saturday the 30th. Several of the showers in Eastern Massachusetts contained locally heavy downpours, and one contained large hail. This brought several reports of flooding in Boston and the North Shore.",31
718800,SUFFOLK CO.,REVERE,09/30/2017,748,Flood, , ,0,0,0,0,MA,EST-5, ,119932,C,25,BOX,0,0,Amateur Radio,Heavy Rain, , ,1,S,1,S,REVERE,09/30/2017,1100,42.4005,-71.0203,42.4008,-71.0197,"At 748 AM EST in Chelsea, the intersection of Stockton Street and Eastern Avenue was closed due to flooding.","Low pressure raced east from the Great Lakes bringing showers and isolated thunderstorms to Southern New England on the morning of Saturday the 30th. Several of the showers in Eastern Massachusetts contained locally heavy downpours, and one contained large hail. This brought several reports of flooding in Boston and the North Shore.",32
718801,SUFFOLK CO.,CHELSEA,09/30/2017,749,Flood, , ,0,0,40000,0,MA,EST-5, ,119932,C,25,BOX,0,0,Amateur Radio,Heavy Rain, , ,1,ENE,1,N,(BOS)LOGAN INTL ARPT,09/30/2017,1100,42.3896,-71.0104,42.39,-70.9965,"At 749 AM EST in the Orient Heights section of Boston, multiple basements on Ashley and Bennington Streets were flooded and the backyards had 3 to 4 feet of water.","Low pressure raced east from the Great Lakes bringing showers and isolated thunderstorms to Southern New England on the morning of Saturday the 30th. Several of the showers in Eastern Massachusetts contained locally heavy downpours, and one contained large hail. This brought several reports of flooding in Boston and the North Shore.",33
722144,SUFFOLK (ZONE), ,10/24/2017,1511,Strong Wind,43.00, ,0,0,3000,0,MA,EST-5,EG,120513,Z,15,BOX,0,0,Amateur Radio, , , , , , , , ,10/24/2017,1922, , , , ,"Tree down on wires on Carlton Street in Brookline. Tree down on a house on Beachland Avenue in Revere.","Low pressure moved north through the Great Lakes.  This swung a cold front slowly east into Southern New England on October 25.  The front stalled over the region during the 25th before moving off to the east on the 26th. Strong low level winds brought a flow of tropical moisture ahead of the front. The strong winds aloft were brought to the surface in damaging wind gusts, with speeds reaching 45 to 55 mph.  The tropical moisture was converted to heavy downpours, with storm rainfall totals ranging from 2 inches to 6 1/2 inches. This brought widespread urban and poor drainage flooding.",34
722572,SUFFOLK (ZONE), ,10/26/2017,2142,Strong Wind,40.00, ,0,0,1000,0,MA,EST-5,EG,120618,Z,15,BOX,0,0,Amateur Radio, , , , , , , , ,10/26/2017,2142, , , , ,"At 942 PM EST, a tree was down in Winthrop on Walden Street.","Coastal low pressure intensified as it lifted north through Maine. This brought strong northwest winds, primarily across eastern and central Massachusetts, during the evening of the 26th. Several large trees were brought down by this wind.",35
722728,SUFFOLK (ZONE), ,10/29/2017,2240,High Wind,40.00, ,0,0,55000,0,MA,EST-5,MS,120624,Z,15,BOX,0,0,Amateur Radio, , , , , , , , ,10/30/2017,330, , , , ,"A tree down on Lanark Road in the Brighton section of Boston damaged several houses and a garage.  A tree was down on a house on Kenrick Street in Boston. A tree was down and blocking Bird Street, near Uphams Corners.  A tree was down on a house and garage on Mitchell Street. Trees were blocking Gallivan Boulevard, the VFR Parkway, and DeWitt Drive, all in Boston. A tree was down at Washington Street and Nantasket Avenue in Brighton. A tree was blocking Bellevue Hill Road, another blocking M Street.  The Automated Surface Observation System platform at Logan International Airport recorded a sustained wind of 46 mph at 249 AM EST.","The remnants of Tropical Storm Phillipe merged with a mid-latitude system approaching the U.S. East Coast. This created an area of low pressure that moved north from the Carolinas through New York State on the 29th. The low swung a cold front through Southern New England during the early morning of the 30th. The combined sysytem generated strong to damaging winds, especially in Eastern Massachusetts. Tropical moisture flowing north ahead of the cold front contributed to heavy downpours with one to five inches of rain reported.",36
722769,SUFFOLK CO.,DORCHESTER,10/30/2017,330,Flood, , ,0,0,15000,0,MA,EST-5, ,120624,C,25,BOX,0,0,Amateur Radio,Heavy Rain, , ,1,WNW,2,S,BRIGHTON,10/30/2017,900,42.2872,-71.0953,42.3273,-71.1525,"At 340 AM EST, a section of Boylston Street in Brookline was flooded.  At 353 AM EST, Morton Street in Boston was closed due to flooding, with three cars trapped.","The remnants of Tropical Storm Phillipe merged with a mid-latitude system approaching the U.S. East Coast. This created an area of low pressure that moved north from the Carolinas through New York State on the 29th. The low swung a cold front through Southern New England during the early morning of the 30th. The combined sysytem generated strong to damaging winds, especially in Eastern Massachusetts. Tropical moisture flowing north ahead of the cold front contributed to heavy downpours with one to five inches of rain reported.",37
725045,SUFFOLK (ZONE), ,11/19/2017,1215,Strong Wind,43.00, ,0,0,15000,0,MA,EST-5,MG,121103,Z,15,BOX,0,0,Amateur Radio, , , , , , , , ,11/19/2017,1333, , , , ,"At 12:18 PM EST, The Automated Surface Observation Platform at Logan International Airport measured a wind gust to 49 mph.  At 1:33 PM EST, a tree fell into a house on Proctor Avenue in Revere.","An area of low pressure from the Midwest passed west of Southern New England and into Canada, swinging a cold front through New England during the night of November 18 and morning of November 19.  Strong west winds trailed the cold front and brought scattered reports of damage.",38
727639,SUFFOLK (ZONE), ,12/09/2017,1000,Winter Storm, , ,0,0,0,0,MA,EST-5, ,121564,Z,15,BOX,0,0,CoCoRaHS, , , , , , , , ,12/10/2017,100, , , , ,"Four to six and one-half inches of snow fell on Suffolk County.","Low pressure from the Gulf of Mexico moved up the USA East Coast spreading snow and rain across Southern New England during the 9th. The storm moved off through the Maritimes during the night of the 9th.",39
727965,SUFFOLK (ZONE), ,12/22/2017,2100,Winter Weather, , ,0,1,5000,0,MA,EST-5, ,121624,Z,15,BOX,0,0,Amateur Radio, , , , , , , , ,12/23/2017,1700, , , , ,"At 115 PM EST, a tree branch fell in Boston at the intersection of Bowdoin and Beacon Streets, injuring one person on the scene.  At 326 PM, a tree fell on a car on Hammond Street in Brookline. Ice accumulation of two-tenths inch was reported in Winthrop.","A series of weak moved from the Ohio Valley across Southern New England.  This drew warm air north over Southern New England even as colder air moved south at the surface. This brought a brief period of snow during the late afternoon of the 22nd, and freezing rain during the overnight and day of the 23rd.  All of Southern New England was affected, with icy roads and downed trees and wires.",40
728089,SUFFOLK (ZONE), ,12/25/2017,730,Winter Weather, , ,0,0,2000,0,MA,EST-5, ,121631,Z,15,BOX,0,0,Public, , , , , , , , ,12/25/2017,1130, , , , ,"Two and one-half to five inches of snow fell on Suffolk County.  At 928 AM EST, power lines were reported down on Maple Street in Boston.","Fast-moving low pressure moved up the coast from the Carolinas and passed near Nantucket before moving into the Gulf of Maine. This brought a several inches of snow to much of Southern New England, along with some rain to southeast areas.  Damaging west to northwest winds followed on Christmas Day.",41
733194,SUFFOLK (ZONE), ,01/04/2018,715,Winter Storm, , ,0,0,0,0,MA,EST-5, ,122439,Z,15,BOX,0,0,Public, , , , , , , , ,01/04/2018,2000, , , , ,"Ten to seventeen inches of snow fell across Suffolk County. At 326 PM EST, the Automated Surface Observation System (ASOS) platform at Logan International Airport measured a wind gust to 51 mph.  Winds frequently gusted to 37 mph while visibility was less than one-quarter mile from 1100 AM EST to 1219 PM EST.","Low pressure moved north from the Florida coast and deepened, passing southeast of Nantucket on Thursday January 4.  The storm reached its lowest pressure and strongest pressure gradient as it passed Southern New England. This brought heavy snow and damaging winds to Massachusetts, and caused near-blizzard conditions at Boston, Worcester, and Plymouth. The strong northeast wind also created a high storm surge along the eastern Massachusetts coast.  The storm moved off through the Maritimes on January 5.",42
733224,SUFFOLK (ZONE), ,01/04/2018,1200,Coastal Flood, , ,0,0,500000,0,MA,EST-5, ,122439,Z,15,BOX,0,0,Amateur Radio, , , , , , , , ,01/04/2018,1500, , , , ,"In Winthrop, Pebble Street was under two feet of floodwaters; as many as 75 homes were reported by emergency management to be flooded to the first floor with utilities compromised.  In Chelsea, Beacham Street was flooded with two trapped cars containing people. In Charlestown, a six inch tide was flowing down 1st Avenue. In Revere, the Revere Beach Parkway was closed; flooding was reported on the parkway from Washington Avenue to near route 107. In Boston, Morrissey Blvd was closed due to flooding, and additional roads were inundated in the Boston Seaport District.","Low pressure moved north from the Florida coast and deepened, passing southeast of Nantucket on Thursday January 4.  The storm reached its lowest pressure and strongest pressure gradient as it passed Southern New England. This brought heavy snow and damaging winds to Massachusetts, and caused near-blizzard conditions at Boston, Worcester, and Plymouth. The strong northeast wind also created a high storm surge along the eastern Massachusetts coast.  The storm moved off through the Maritimes on January 5.",43
733328,SUFFOLK (ZONE), ,01/06/2018,130,Cold/Wind Chill, , ,0,0,0,0,MA,EST-5, ,122472,Z,15,BOX,0,0,ASOS, , , , , , , , ,01/06/2018,730, , , , ,"On January 6, wind chills were at 25 below zero or lower from 130 AM to 730 AM EST at Logan International Airport in Boston. The lowest value was 28 below zero at 500 AM and 6 AM EST.","Strong west winds trailed the January 4 winter storm.  These winds drew bitterly cold arctic air over Massachusetts. The combination of strong wind and low temperatures created a dangerous wind chill, with readings reaching 25 degrees below zero or colder in a couple of locations during the early mornings of January 6 and 7.",44
733405,SUFFOLK (ZONE), ,01/12/2018,1940,Strong Wind,40.00, ,0,0,500,0,MA,EST-5,MG,122477,Z,15,BOX,0,0,Amateur Radio, , , , , , , , ,01/13/2018,1200, , , , ,"At 751 PM EST, an amateur radio operator reported wires down in Boston on Sherwood Street.","A slow-moving cold front crossed New England from the afternoon of January 12 to the morning of January 13. Strong southerly winds ahead of the front drew mild and humid air north over Southern New England. This helped generate heavy downpours before the front moved through.  Rainfall amounts ranged from one to three inches, except in Southeast Massachusetts where amounts ranged up to four inches.  Maximum wind gusts ranged from 45 to 65 mph.",45
737867,SUFFOLK (ZONE), ,01/30/2018,800,Coastal Flood, , ,0,0,20000,0,MA,EST-5, ,123065,Z,15,BOX,0,0,Amateur Radio, , , , , , , , ,01/30/2018,1100, , , , ,"At 846 AM EST, amateur radio reported that the exit ramp from I-93 northbound in Dorchester onto Morrissey Blvd was closed due to flooding on Morrissey Blvd. At 855 AM EST, Conley Street near Tenean Beach was flooded and impassable.  Several cars were trapped in over one foot of water.  At 930 AM EST, the corner of Mills Avenue and River Avenue in Revere were flooded to a depth of one foot.","A coastal storm passed offshore of Nantucket on January 30, while a surge of colder air moved in from the Great Lakes.  This brought several inches of snow to Eastern Massachusetts and Rhode Island during the night of the 29th and the day of the 30th.",46
741249,SUFFOLK (ZONE), ,02/07/2018,1200,Winter Weather, , ,0,0,40000,0,MA,EST-5, ,123586,Z,15,BOX,0,0,Broadcast Media, , , , , , , , ,02/07/2018,2000, , , , ,"The Associated Press reported from Massachusetts State Police that there were numerous multi-vehicle accidents on Boston-area highways that were turned into skating rinks by freezing rain. Crashes were reported in the Brighton-Allston area on the Massachusetts Turnpike. There were no reports of injuries.","A storm moved out of the Gulf of Mexico, crossing Southern New England on the night of the 7th.  This brought a period of snow changing to freezing rain across Western, Central, and Northeast Massachusetts.  Snow amounts ranged from one inch in the Southeast to five inches in Northwest Massachusetts, while ice amounts ranged from one-tenth inch to nearly four tenths inch.",47
741348,SUFFOLK (ZONE), ,02/17/2018,2030,Winter Storm, , ,0,0,0,0,MA,EST-5, ,123606,Z,15,BOX,0,0,Amateur Radio, , , , , , , , ,02/18/2018,800, , , , ,"From five to seven inches of snow fell on Suffolk County.","Low pressure from the Lower Mississippi Valley moved northeast and passed offshore of Nantucket, bringing snow to much of Southern New England from the evening of the 17th through the morning of the 18th.",48
742939,SUFFOLK (ZONE), ,03/02/2018,0,High Wind,61.00, ,0,0,1000,0,MA,EST-5,MG,123714,Z,15,BOX,0,0,ASOS, , , , , , , , ,03/03/2018,600, , , , ,"At 5:32 PM EST the Automated Surface Observing System platform at Boston's Logan International Airport measured a wind gust of 70 mph. At 7:30 AM EST a tree was down on Stratton Street in Boston.","Low  pressure moving out of the Ohio Valley passed south of Southern New England on the 2nd and moved out to sea on the 3rd.  This storm brought heavy snow to northwest Massachusetts, heavy rain and strong winds to central and eastern Massachusetts, and coastal flooding to the coastline.  Moderate to major coastal flooding took place over three tide cycles due to astronomically high tides and a persistent northeast wind. This built a storm surge of two to four feet along the Massachusetts East Coast.",49
743002,SUFFOLK (ZONE), ,03/02/2018,900,Coastal Flood, , ,0,0,0,0,MA,EST-5, ,123714,Z,15,BOX,0,0,Amateur Radio, , , , , , , , ,03/04/2018,200, , , , ,"Extensive moderate to major coastal flooding was reported.  In Revere...Mills Avenue, River Avenue, Revere Beach Parkway closed.  In Winthrop the Winthrop Causeway and Winthrop Shore Drive were closed. Flooding occurred near the Winthrop Yacht Club.  In Boston, there was flooding on Sleeper Street in South Boston.  Portions of Causeway Street, Morton Street, Bennington Street, B Street, and Atlantic Avenue were closed.  In Dorchester, Morrissey Blvd was closed.","Low  pressure moving out of the Ohio Valley passed south of Southern New England on the 2nd and moved out to sea on the 3rd.  This storm brought heavy snow to northwest Massachusetts, heavy rain and strong winds to central and eastern Massachusetts, and coastal flooding to the coastline.  Moderate to major coastal flooding took place over three tide cycles due to astronomically high tides and a persistent northeast wind. This built a storm surge of two to four feet along the Massachusetts East Coast.",50
744744,SUFFOLK (ZONE), ,03/07/2018,2000,Winter Storm, , ,0,0,0,0,MA,EST-5, ,124015,Z,15,BOX,0,0,Amateur Radio, , , , , , , , ,03/08/2018,1600, , , , ,"From five to nine inches of snow fell on Suffolk County.","A coastal storm moved up from the Carolinas, bringing snow and rain to Southern New England on March 7th and 8th.  This was primarily a snow event, but with 1 to 3 inches of rain falling on Southeast Massachusetts.",51
744804,SUFFOLK (ZONE), ,03/13/2018,215,Blizzard, , ,0,0,10000,0,MA,EST-5, ,124113,Z,15,BOX,0,0,Amateur Radio, , , , , , , , ,03/14/2018,200, , , , ,"Fifteen to twenty-four inches of snow fell on Suffolk County.  The Automated Surface Observing System at Logan International Airport measured a peak wind gust of 47 mph at 2:10 PM on March 13. Logan Airport experienced blizzard conditions from 7:40 AM EST to 1:40 PM EST.  At 3:13 PM a light pole and wires were down on River Road at Washington Street in Brookline. At 5:52 PM EST a tree was down on Fisher Avenue in Boston.","Low pressure along the Carolina coast March 12 moved up the coast and passed offshore of Southern New England on March 13, moving off through the Maritimes on March 14.  The storm brought snow accumulations of one to two feet across Eastern Massachusetts and wind gusts of seventy to eighty miles per hour to Cape Cod and the Islands.  Blizzard conditions were observed at Boston's Logan International Airport, Marshfield, Plymouth, Hyannis, and Martha's Vineyard.",52
748565,SUFFOLK (ZONE), ,05/04/2018,2130,Strong Wind,45.00, ,0,0,12000,0,MA,EST-5,EG,124779,Z,15,BOX,0,0,Amateur Radio, , , , , , , , ,05/05/2018,500, , , , ,"At 10:05 PM EST on May 4th, a street light was brought down on Dana Avenue at the Truman Parkway in Boston. At 12:37 AM on May 5th, an amateur radio operator in Boston reported a wind gust to 52 mph.  At 3:05 AM EST, a tree was down on power lines on Corey Road in Boston.","A low pressure area over the Great Lakes the morning of May 4th moved to the Maritimes the morning of May 5th.  As it moved, the low swung a cold front west to east through Massachusetts shortly before midnight.  Winds behind the front became west to northwest and produced gusts near 50 mph overnight.  The winds then diminished by sunrise on May 5th.",53
748719,SUFFOLK CO.,BOSTON,05/15/2018,1800,Flood, , ,0,0,15000,0,MA,EST-5, ,124787,C,25,BOX,0,0,Amateur Radio,Heavy Rain, , ,1,SSE,1,S,BOSTON,05/15/2018,2000,42.3122,-71.0679,42.3124,-71.0721,"At 5:05 PM EST several cars on Child Street and Boynton Street were trapped in flood waters as high as the car doors.  At 5:10 PM EST a car was trapped in flooding on Columbia Road at Bodwell Street, and Ceylon Street was impassable at Quincy Street due to flooding.","A cold front over the Great Lakes moved through Southern New England during the late afternoon and early night of May 15th.  The air mass over Massachusetts was very warm and humid, and as the cold front moved into this air it generated numerous thunderstorms. Some thunderstorms produced damaging wind gusts, large hail, and heavy downpours.",54
755930,SUFFOLK CO.,REVERE,06/25/2018,120,Flood, , ,0,0,0,0,MA,EST-5, ,125905,C,25,BOX,0,0,Amateur Radio,Heavy Rain, , ,1,SSW,1,SSW,REVERE,06/25/2018,430,42.4086,-71.027,42.4082,-71.0265,"At 1:20 AM EST, five cars were trapped in flood waters on the on the exit ramp from U.S. Route 1 to State Route 16.","A cold front moved through from the Great Lakes the night of June 24th. This brought showers and thunderstorms with locally heavy downpours, with rainfall amounts up to 2 inches.",55
755931,SUFFOLK CO.,REVERE,06/25/2018,127,Flood, , ,0,0,0,0,MA,EST-5, ,125905,C,25,BOX,0,0,Amateur Radio,Heavy Rain, , ,1,S,1,S,REVERE,06/25/2018,427,42.4051,-71.0169,42.4046,-71.0161,"At 1:27 AM EST, the junction of Broadway and State Route 16 in Revere was flooded and impassable.","A cold front moved through from the Great Lakes the night of June 24th. This brought showers and thunderstorms with locally heavy downpours, with rainfall amounts up to 2 inches.",56
755933,SUFFOLK CO.,REVERE,06/25/2018,130,Flood, , ,0,0,0,0,MA,EST-5, ,125905,C,25,BOX,0,0,Amateur Radio,Heavy Rain, , ,1,ENE,1,ENE,REVERE,06/25/2018,500,42.4227,-71.0089,42.4231,-71.0083,"At 1:30 AM EST, Sqier Road was reported flooded and impassable from Patriot Parkway to the circle at State Route 107.","A cold front moved through from the Great Lakes the night of June 24th. This brought showers and thunderstorms with locally heavy downpours, with rainfall amounts up to 2 inches.",57
765399,SUFFOLK (ZONE), ,07/03/2018,1530,Excessive Heat, , ,0,0,0,0,MA,EST-5, ,127640,Z,15,BOX,0,0,ASOS, , , , , , , , ,07/03/2018,1730, , , , ,"The Automated Surface Observing System platform at Boston's Logan International Airport reported a Heat Index of 105 from 3:30 PM EST to 5:30 PM EST.","An area of high pressure over the Eastern USA continued to bring hot and very humid air to Southern New England on July 3rd. Heat Index values of 105 to 109 occurred in parts of Eastern Massachusetts. Heat Index values in much of the state reached 95 to 104.",58
765505,SUFFOLK CO.,BOSTON,07/17/2018,1315,Thunderstorm Wind,45.00, ,0,0,1000,0,MA,EST-5,EG,127649,C,25,BOX,0,0,Amateur Radio, , , ,1,SE,1,SE,BOSTON,07/17/2018,1315,42.3115,-71.0576,42.3115,-71.0576,"At 1:15 PM EST, a thunderstorm over Boston brought a tree down on Dorchester Avenue.","A cold front moved east from the Great Lakes, crossing Massachusetts during the night of the 17th.  The thunderstorms brought strong wind gusts and wind damage during the afternoon and evening.  Thunderstorms also brought downpours in Western, Central, and Northeast Massachusetts. Two to four inches of rain fell from Westfield through Worcester to Boston.",59
773621,SUFFOLK CO.,WINTHROP,07/17/2018,1457,Flash Flood, , ,0,0,0,0,MA,EST-5, ,127649,C,25,BOX,0,0,Amateur Radio,Heavy Rain, , ,1,NNW,1,NW,WINTHROP,07/17/2018,1730,42.3867,-70.9753,42.386,-70.9761,"At 4:57 PM EST, Crest Avenue in Winthrop was flooded and impassable.","A cold front moved east from the Great Lakes, crossing Massachusetts during the night of the 17th.  The thunderstorms brought strong wind gusts and wind damage during the afternoon and evening.  Thunderstorms also brought downpours in Western, Central, and Northeast Massachusetts. Two to four inches of rain fell from Westfield through Worcester to Boston.",60
773622,SUFFOLK CO.,EAST BOSTON,07/17/2018,1709,Flash Flood, , ,0,0,20000,0,MA,EST-5, ,127649,C,25,BOX,0,0,Amateur Radio,Heavy Rain, , ,1,SE,1,ESE,EAST BOSTON,07/17/2018,1905,42.3642,-71.0203,42.3645,-71.018,"At 5:09 PM EST, the access road for Logan Airport at Terminal B Lower Level was flooded. Several cars were stalled in the flood waters.","A cold front moved east from the Great Lakes, crossing Massachusetts during the night of the 17th.  The thunderstorms brought strong wind gusts and wind damage during the afternoon and evening.  Thunderstorms also brought downpours in Western, Central, and Northeast Massachusetts. Two to four inches of rain fell from Westfield through Worcester to Boston.",61
780587,SUFFOLK CO.,CHARLESTOWN,08/12/2018,630,Flood, , ,0,0,10000,0,MA,EST-5, ,130389,C,25,BOX,0,0,Amateur Radio,Heavy Rain, , ,1,SSE,2,S,CHARLESTOWN,08/12/2018,930,42.3679,-71.0665,42.3554,-71.0704,"At 6:30 AM EST, Storrow Drive near U.S. Route 1 was flooded and impassable, with a car trapped in the floodwaters. At 6:33 AM EST, Storrow Drive was also flooded and impassable in the Lagoon area along the Back Bay; cars were driving across the median to avoid the flooding.  At 6:40 AM a car was trapped in floodwaters under the Massachusetts Avenue bridge.  At 6:49 AM Heath Street was flooded and impassable.","A cold front stalled over Southern New England on the 11th.  Low pressure from the Midwest then moved slowly east along the front. The weather system drew upon warm and very humid air to create showers with local downpours, resulting in rainfall amounts of two to five inches in Northern Massachusetts on August 11th and 12th.  An exceptionally powerful downpour left 8.15 inches in the city of Lynn.",62
786779,SUFFOLK CO.,CHELSEA,09/18/2018,1040,Flash Flood, , ,0,0,0,0,MA,EST-5, ,131003,C,25,BOX,0,0,Amateur Radio,Heavy Rain, , ,1,NNE,1,NNE,CHELSEA,09/18/2018,1340,42.3974,-71.024,42.3968,-71.0233,"At 10:40 AM EST, Vernon Road in Chelsea was closed due to flooding.","Post-Tropical Cyclone Florence moved up the East Coast, bringing heavy downpours and damaging thunderstorms to Massachusetts during September 18th.  Storm total rainfall amounts reached two to five inches, and went as high as seven inches in parts of Worcester County.",63
786824,SUFFOLK CO.,DORCHESTER CENTER,09/25/2018,2252,Flood, , ,0,0,3000,0,MA,EST-5, ,131524,C,25,BOX,0,0,Amateur Radio,Heavy Rain, , ,1,NE,1,NE,DORCHESTER CENTER,09/26/2018,200,42.2927,-71.0484,42.2926,-71.0475,"At 10:52 PM EST, a car was trapped in flood waters on Morrissey Boulevard in the Neponset section of Dorchester, near Conley Street.","A warm front approached from the south on Sept 25 and stalled just north of Massachusetts on Sept 26. This brought periods of heavy rain to Massachusetts with 3 to 6 inches observed in Northern Bristol County and Northern Plymouth County in Southeast Massachusetts.  Amounts of 1 to 3 inches fell on Northeast, Central and Western Massachusetts.",64
787036,SUFFOLK (ZONE), ,10/15/2018,2300,Strong Wind,41.00, ,0,0,1000,0,MA,EST-5,EG,131566,Z,15,BOX,0,0,Amateur Radio, , , , , , , , ,10/16/2018,130, , , , ,"At 11:28 PM EST, a tree was reported down on a car on Appleton Street in Boston.","A cold front moved east from the Great Lakes on Monday October 15th. Strong southwest winds ahead of the front moved across Massachusetts during the late evening and night of the 15th, then became strong northwest after the cold front moved through.  Winds then diminished on the morning of the 16th.  Coastal areas of Southeast Massachusetts reported wind gusts of 40 to 60 mph, while inland areas had gusts of 40 to 50 mph.  There were several reports of trees and wires down in Eastern and Central Massachusetts.",65
787069,SUFFOLK (ZONE), ,10/17/2018,1650,Strong Wind,40.00, ,0,0,11000,0,MA,EST-5,EG,131571,Z,15,BOX,0,0,Amateur Radio, , , , , , , , ,10/17/2018,1650, , , , ,"At 4:50 PM EST, a tree fell on a car on Buswell Street at Mountfort Street.","The second cold front in three days moved across Massachusetts on October 17th. Gusty southwest winds preceded the front.  Winds shifted from the northwest behind the front at night.  Wind gusts in the state reached 40 to 50 mph.  There were several reports of downed trees, mostly in Eastern Massachusetts.",66
787949,SUFFOLK (ZONE), ,10/27/2018,859,Strong Wind,40.00, ,0,0,3000,0,MA,EST-5,MG,131591,Z,15,BOX,0,0,Amateur Radio, , , , , , , , ,10/27/2018,2114, , , , ,"Sustained winds reached 32 mph at Logan Airport in the late morning and peak gusts reached 46 mph at 1014 PM at night. During the course of the day, however, there were numerous reports of individual trees down.  In Boston, single trees were down on Belgrade Ave., Malcolm Rd., and Homestead St. and power lines were down on Clinton St.   In Chelsea at 1053 AM, wires fell onto a parked car on Marlboro St.  Later, in Chelsea, 525 PM a large tree fell onto a building on Fremont Avenue.  In Brookline, at 240 PM a tree was down on Warren Street and at 650 PM a large tree and power lines were down on Russett Road.","Low pressure from the Gulf of Mexico moved up the East Coast on October 27th and 28th, bringing strong winds to Central and Eastern Massachusetts and minor coastal flooding. A general one to two inches of rain was measured across the state.",67
787834,SUFFOLK (ZONE), ,10/27/2018,1200,Coastal Flood, , ,0,0,0,0,MA,EST-5, ,131591,Z,15,BOX,0,0,Amateur Radio, , , , , , , , ,10/27/2018,1300, , , , ,"Morrissey Blvd. in Dorchester closed due to minor coastal flooding.","Low pressure from the Gulf of Mexico moved up the East Coast on October 27th and 28th, bringing strong winds to Central and Eastern Massachusetts and minor coastal flooding. A general one to two inches of rain was measured across the state.",68
792304,SUFFOLK CO.,DORCHESTER CENTER,11/03/2018,648,Flood, , ,0,0,0,0,MA,EST-5, ,132394,C,25,BOX,0,0,Amateur Radio,Heavy Rain, , ,1,ENE,1,ENE,DORCHESTER CENTER,11/03/2018,748,42.2896,-71.0462,42.2896,-71.0459,"In Dorchester, Morrissey Boulevard at Tolman Street was closed due to flooding.","Low pressure over New York City early in the morning on November 3rd rapidly intensified as it moved northeastward across New England.  Heavy rain occurred in the early morning hours, with generally 1.50 to 2.50 inches in eastern sections of southern New England and up to 3.66 inches in the slopes of the Berkshires.  A few severe thunderstorms moved from Rhode Island into eastern Massachusetts around daybreak.  As the strong low passed to our north, strong to damaging westerly winds developed during the afternoon.",69
792336,SUFFOLK (ZONE), ,11/03/2018,1330,High Wind,40.00, ,0,0,2000,0,MA,EST-5,MS,132394,Z,15,BOX,0,0,Mesonet, , , , , , , , ,11/03/2018,1700, , , , ,"At 354 PM EDT, a mesonet station at Deer Island recorded sustained winds of 46 mph.  Earlier, at 230 PM, in Boston, a tree was down on Cambridge Street.  In Winthrop at 313 PM, a tree was down on Governors Drive.  In Boston at 330 PM, a tree was down on wires on High Street and a tree was down on Arbor Way.  At 545 PM in Brighton (Boston) a tree and wires were down on Larch Street.","Low pressure over New York City early in the morning on November 3rd rapidly intensified as it moved northeastward across New England.  Heavy rain occurred in the early morning hours, with generally 1.50 to 2.50 inches in eastern sections of southern New England and up to 3.66 inches in the slopes of the Berkshires.  A few severe thunderstorms moved from Rhode Island into eastern Massachusetts around daybreak.  As the strong low passed to our north, strong to damaging westerly winds developed during the afternoon.",70
791038,SUFFOLK (ZONE), ,11/16/2018,100,High Wind,36.00, ,0,0,0,0,MA,EST-5,MS,132047,Z,15,BOX,0,0,Mesonet, , , , , , , , ,11/16/2018,400, , , , ,"At 155 AM, a mesonet recorded a sustained wind of 42 mph at Deer Island.  It also recorded a gust to 49 mph at 230 AM.","An early-season nor'easter moved from the Mid-Atlantic coast to southeastern Massachusetts on the 15th and away from the region on the 16th.  A quick thump of heavy snow occurred on the front end of the storm, with most accumulations over with by or shortly after midnight on the 16th.  Snowfall amounts ranged from only a couple of inches in southeasternmost sections of MA to 8 to 10 inches in western and northern MA. Mainly rain occurred at Boston's Logan Airport.  Strong east to northeast winds battered coastal areas ahead of the low pressure system.",71
792512,SUFFOLK (ZONE), ,11/25/2018,1154,Coastal Flood, , ,0,0,0,0,MA,EST-5, ,132456,Z,15,BOX,0,0,Amateur Radio, , , , , , , , ,11/25/2018,1254, , , , ,"In Boston at 1154 AM, Morrissey Boulevard and Freeport Street were flooded, as well as the ramp at Exit 14 of northbound I-93.","A storm system moving northeast from the DelMarVa region caused some heavy rain and minor coastal flooding at the time of the mid-day tide on November 25.  A high astronomical tide combined with 10+ foot seas just offshore and NNE wind |gusts of 30 to 40 knots to produce a 1 to 1.5 foot storm surge, which caused pockets of minor coastal flooding within an hour or two of the high tide.",72
794958,SUFFOLK (ZONE), ,12/21/2018,935,Strong Wind,40.00, ,0,0,12000,0,MA,EST-5,EG,132838,Z,15,BOX,0,0,Amateur Radio, , , , , , , , ,12/21/2018,1335, , , , ,"At 9:43 AM EST a large tree was reported down on Beacon Street at Tappan Street in Boston.  At 1:35 PM EST, the facade on a building on Boylston Street fell onto the street.","A storm passing west of Massachusetts brought strong to damaging south winds to Central and Eastern Massachusetts on Friday December 21.  The same storm also brought one to four inches of rain.",73
795417,SUFFOLK (ZONE), ,01/19/2019,1800,Winter Weather, , ,0,0,0,0,MA,EST-5, ,132935,Z,15,BOX,0,0,Public, , , , , , , , ,01/20/2019,1800, , , , ,"Two to five inches of snow fell on Suffolk County.  A member of the General Public in Charlestown reported ice accumulation of one-quarter inch.","Low pressure from the Deep South moved along the South Coast of New England on January 20.  This brought snow and rain to Southeast Massachusetts, while Northern Massachusetts received snow and freezing rain.  An isolated thunderstorm moved off the ocean across Cape Cod.",74
795455,SUFFOLK (ZONE), ,01/20/2019,630,Coastal Flood, , ,0,0,0,0,MA,EST-5, ,132950,Z,15,BOX,0,0,Amateur Radio, , , , , , , , ,01/20/2019,1100, , , , ,"At 8:35 AM EST Morrissey Boulevard near U Mass Boston was closed due to coastal flooding.  Freeport Street at Morrissey Boulevard was also closed due to coastal flooding.  At 942 PM EST there was minor coastal flooding on the access road to Malibu Beach.","A high astronomical tide combined with strong northeast winds over the Gulf of Maine resulted in minor coastal flooding at Boston and the South Shore.",75
795634,SUFFOLK (ZONE), ,01/24/2019,700,Strong Wind,46.00, ,0,0,1000,0,MA,EST-5,EG,132982,Z,15,BOX,0,0,Trained Spotter, , , , , , , , ,01/24/2019,1900, , , , ,"At 12:33 PM EST a trained spotter in East Boston reported a wind gust to 53 mph.","Low pressure moving north from the Gulf of Mexico brought high south winds and heavy rain to Massachusetts on January 24th.  The storm moved off through the Maritimes by the next morning.",76
800510,SUFFOLK (ZONE), ,02/08/2019,2200,Strong Wind,29.00, ,0,0,5000,0,MA,EST-5,MS,133713,Z,15,BOX,0,0,Amateur Radio, , , , , , , , ,02/09/2019,100, , , , ,"At 10:14 PM EST the Automated Surface Observing System platform at Logan International Airport measured a sustained wind of 33 mph. At 12:30 AM EST on the 9th an amateur radio operator in Boston reported power lines down on Child Street.  A tree and street light were also down on Lee Street in Boston, and a tree was down on Chester Street in Boston.","A weather system from the Midwest initially brought snow and ice to the region. The system swung a cold front through New England, followed by strong west to northwest winds from the afternoon of the 8th to the afternoon of the 9th.",77
800867,SUFFOLK (ZONE), ,02/18/2019,500,Winter Weather, , ,0,0,0,0,MA,EST-5, ,133826,Z,15,BOX,0,0,Trained Spotter, , , , , , , , ,02/18/2019,2200, , , , ,"From 3 to 4 inches of snow fell on Suffolk County.","A coastal storm passed offshore of Massachusetts on February 18th, bringing snow to all of Southern New England.  The heaviest snow was located over Southern Massachusetts, especially Plymouth County.  Snow tapered off during the evening.",78
800752,SUFFOLK (ZONE), ,02/25/2019,800,High Wind,59.00, ,0,0,135000,0,MA,EST-5,EG,133780,Z,15,BOX,0,0,Amateur Radio, , , , , , , , ,02/26/2019,0, , , , ,"At 12:44 PM EST an amateur radio operator in South Boston reported a wind gust of 61 mph. At 12:54 PM EST the mesonet station at Pleasure Bay reported a sustained wind of 42 mph. At 1:51 PM EST three tractor-trailer units were blown over on the Tobin Memorial Bridge in Chelsea, spilling fuel. At 4:07 PM EST the mesonet station at Carson Beach reported a wind gust to 68 mph. At 7:35 PM EST pieces of roof and chimney were blown onto Crescent Avenue in Boston.","A storm moving north through the Great Lakes redeveloped along the Mid Atlantic coast on the 24th, then moved up the coast past Southern New England. This coastal storm brought damaging west-northwest winds to Massachusetts as it moved off through the Maritimes on the 25th.",79
800971,SUFFOLK (ZONE), ,03/03/2019,2100,Winter Storm, , ,0,0,0,0,MA,EST-5, ,133830,Z,15,BOX,0,0,Amateur Radio, , , , , , , , ,03/04/2019,1000, , , , ,"From ten to sixteen inches of snow fell on Suffolk County.","A storm the developed over the southern states moved up the coast the night of the 3rd and passed offshore of Nantucket the  morning of the 4th.  The storm then moved off to the northeast.  This brought heavy snow to much of Southern New England.  Highest snowfall amounts occurred from Northeast Connecticut to Boston Massachusetts.",80
814361,SUFFOLK (ZONE), ,04/15/2019,614,Strong Wind,43.00, ,0,0,1000,0,MA,EST-5,EG,135586,Z,15,BOX,0,0,Amateur Radio, , , , , , , , ,04/15/2019,614, , , , ,"At 714 AM EDT in the Mattapan section of Boston, a tree was down on Morton Street between West Main and Harvard Streets.","Low pressure moving up the St Lawrence Valley swung a pair of cold fronts through Massachusetts and Rhode Island, with one in the morning and the second in the afternoon. Wind Advisories were in effect for strong northwest gradient wind gusts to 40 to 50 mph, which knocked down trees and branches. Thunderstorms with some heavy downpours also occurred along each front but only a couple were considered to be severe based on enhanced wind signatures; the majority of the damage occurred from the gradient wind.",81
824574,SUFFOLK CO.,EAST BOSTON,06/29/2019,1526,Flood, , ,0,0,20000,0,MA,EST-5, ,137364,C,25,BOX,0,0,Amateur Radio,Heavy Rain, , ,1,WSW,1,NE,CHELSEA,06/29/2019,1826,42.3677,-71.0411,42.3928,-71.0102,"At 3:26 PM EST, heavy rain caused the intersection of Lewis and Marginal Streets in East Boston to be flooded and impassable. At 3:36 PM EST a car was trapped in floodwaters at Clark and Stockton Streets in Chelsea. At 3:38 PM EST several cars were trapped in floodwaters on the McClellan Highway, Condor Street and Putnam Street in East Boston.","A cold front swept east across Southern New England, bringing showers and thunderstorms during the mid to late afternoon.  Some thunderstorms produced large hail and damaging wind. Heavy downpours from thunderstorms also caused flooding of streets in Suffolk County.",82
837575,SUFFOLK CO.,CHELSEA,07/06/2019,1706,Flood, , ,0,0,0,0,MA,EST-5, ,139018,C,25,BOX,0,0,Amateur Radio,Heavy Rain, , ,2,NNW,2,NNW,CHELSEA,07/06/2019,1706,42.402,-71.044,42.4016,-71.0439,"Flooding was reported on Route 16 near Sweester Circle and the northeast Expressway in Everette.","A cold front advanced into a very moist, almost tropical air mass in place across southern New England. This produced a line of thunderstorms, some with torrential downpours that caused flooding.  Isolated but significant wind damage occurred in Longmeadow, MA from a wet microburst.",83
841123,SUFFOLK CO.,BOSTON,07/17/2019,1654,Thunderstorm Wind,50.00, ,0,0,300,0,MA,EST-5,EG,139589,C,25,BOX,0,0,Amateur Radio, , , ,1,ESE,1,ESE,BOSTON,07/17/2019,1654,42.3181,-71.0606,42.3181,-71.0606,"In Boston, power lines were down from wind on Willis Street.","An approaching cold front, coupled with moisture associated with the remnants of Barry brought showers and thunderstorms to the region. A few of these storms were severe, with damaging wind gusts.  There was also isolated flooding from heavy rainfall.",84
848011,SUFFOLK CO.,(BOS)LOGAN INTL ARPT,07/31/2019,1430,Thunderstorm Wind,59.00, ,0,0,0,0,MA,EST-5,MG,141049,C,25,BOX,0,0,Official NWS Observations, , , ,1,SW,1,SW,(BOS)LOGAN INTL ARPT,07/31/2019,1430,42.36,-71.01,42.36,-71.01,"A severe thunderstorm produced a wind gust to 68 mph from the south at Logan International Airport.","A line of severe thunderstorms crossed Massachusetts ahead of a cold front and produced widespread wind damage, including two microbursts at Logan International Airport in Boston where wind gusts of 68 MPH and 73 MPH were reported.",85
847424,SUFFOLK CO.,BOSTON,07/31/2019,1448,Flood, , ,0,0,2000,0,MA,EST-5, ,141049,C,25,BOX,0,0,Amateur Radio,Heavy Rain, , ,0,ESE,0,ESE,BOSTON,07/31/2019,1448,42.319,-71.0639,42.3187,-71.064,"Portions of Columbia Road were closed due to flooding.","A line of severe thunderstorms crossed Massachusetts ahead of a cold front and produced widespread wind damage, including two microbursts at Logan International Airport in Boston where wind gusts of 68 MPH and 73 MPH were reported.",86
848012,SUFFOLK CO.,(BOS)LOGAN INTL ARPT,07/31/2019,1453,Thunderstorm Wind,63.00, ,0,0,0,0,MA,EST-5,MG,141049,C,25,BOX,0,0,Official NWS Observations, , , ,1,SW,1,SW,(BOS)LOGAN INTL ARPT,07/31/2019,1453,42.36,-71.01,42.36,-71.01,"Another severe thunderstorm produced a wind gust to 73 mph from the southwest at Logan International Airport.","A line of severe thunderstorms crossed Massachusetts ahead of a cold front and produced widespread wind damage, including two microbursts at Logan International Airport in Boston where wind gusts of 68 MPH and 73 MPH were reported.",87
847455,SUFFOLK CO.,WINTHROP,07/31/2019,1454,Thunderstorm Wind,61.00, ,0,0,12000,0,MA,EST-5,EG,141049,C,25,BOX,0,0,Amateur Radio, , , ,1,W,1,W,WINTHROP,07/31/2019,1454,42.38,-70.98,42.38,-70.98,"Multiple trees were downed across town.","A line of severe thunderstorms crossed Massachusetts ahead of a cold front and produced widespread wind damage, including two microbursts at Logan International Airport in Boston where wind gusts of 68 MPH and 73 MPH were reported.",88
847460,SUFFOLK CO.,WINTHROP,07/31/2019,1457,Thunderstorm Wind,65.00, ,0,0,25000,0,MA,EST-5,EG,141049,C,25,BOX,0,0,Amateur Radio, , , ,1,W,1,W,WINTHROP,07/31/2019,1457,42.38,-70.98,42.38,-70.98,"Multiple sail boats capsized at Cottage Park Yacht Club from a microburst with winds of 70 to 80 MPH.","A line of severe thunderstorms crossed Massachusetts ahead of a cold front and produced widespread wind damage, including two microbursts at Logan International Airport in Boston where wind gusts of 68 MPH and 73 MPH were reported.",89
847461,SUFFOLK CO.,REVERE,07/31/2019,1457,Thunderstorm Wind,50.00, ,0,0,2000,0,MA,EST-5,EG,141049,C,25,BOX,0,0,Amateur Radio, , , ,2,E,2,E,REVERE,07/31/2019,1457,42.42,-70.99,42.42,-70.99,"A tree was down on wires on Florence Avenue.","A line of severe thunderstorms crossed Massachusetts ahead of a cold front and produced widespread wind damage, including two microbursts at Logan International Airport in Boston where wind gusts of 68 MPH and 73 MPH were reported.",90
847463,SUFFOLK CO.,BOSTON,07/31/2019,1500,Thunderstorm Wind,50.00, ,0,0,500,0,MA,EST-5,EG,141049,C,25,BOX,0,0,Amateur Radio, , , ,0,N,0,N,BOSTON,07/31/2019,1500,42.32,-71.07,42.32,-71.07,"A tree was downed on Adams Street.","A line of severe thunderstorms crossed Massachusetts ahead of a cold front and produced widespread wind damage, including two microbursts at Logan International Airport in Boston where wind gusts of 68 MPH and 73 MPH were reported.",91
847428,SUFFOLK CO.,REVERE,07/31/2019,1524,Flood, , ,0,0,2000,0,MA,EST-5, ,141049,C,25,BOX,0,0,Amateur Radio,Heavy Rain, , ,1,E,1,E,REVERE,07/31/2019,1524,42.4214,-71.0032,42.4206,-71.0038,"Car stuck in flood waters on Squire Road.","A line of severe thunderstorms crossed Massachusetts ahead of a cold front and produced widespread wind damage, including two microbursts at Logan International Airport in Boston where wind gusts of 68 MPH and 73 MPH were reported.",92
850627,SUFFOLK CO.,BRIGHTON,08/07/2019,2151,Thunderstorm Wind,50.00, ,0,0,300,0,MA,EST-5,EG,141517,C,25,BOX,0,0,Amateur Radio, , , ,2,SSW,2,SSW,BRIGHTON,08/07/2019,2151,42.32,-71.16,42.32,-71.16,"In the Chestnut Hill section of Newton, wires were downed from wind.","A warm front moving across southern New England triggered severe thunderstorms with wind damage across western portions of southern New England from the mid afternoon hours and through the evening.  Another band of thunderstorms moved in from the southwest overnight, progressing to the coast before daybreak, causing some additional wind damage and some flooding.",93
850654,SUFFOLK CO.,REVERE,08/07/2019,2301,Flood, , ,0,0,0,0,MA,EST-5, ,141517,C,25,BOX,0,0,Amateur Radio,Heavy Rain, , ,1,SE,1,SE,REVERE,08/07/2019,2301,42.41,-71,42.4089,-71.0006,"In Revere, Route 1A by the Bell Circle rotary was flooded and impassable.","A warm front moving across southern New England triggered severe thunderstorms with wind damage across western portions of southern New England from the mid afternoon hours and through the evening.  Another band of thunderstorms moved in from the southwest overnight, progressing to the coast before daybreak, causing some additional wind damage and some flooding.",94
855879,SUFFOLK (ZONE), ,10/16/2019,2153,Strong Wind,45.00, ,0,0,500,0,MA,EST-5,EG,142499,Z,15,BOX,0,0,Amateur Radio, , , , , , , , ,10/16/2019,2253, , , , ,"In Boston there was a large tree down on a house on Maverick St.","A powerful coastal storm developed along the NJ coast then moved|northeast across southern New England Wednesday night into Thursday. |This will brought periods of very heavy rain and strong to damaging |winds to the region.",95
858596,SUFFOLK (ZONE), ,10/17/2019,135,High Wind,55.00, ,0,0,0,0,MA,EST-5,MG,142499,Z,15,BOX,0,0,Mesonet, , , , , , , , ,10/17/2019,235, , , , ,"In Winthrop there was a wind gust of 63 mph.","A powerful coastal storm developed along the NJ coast then moved|northeast across southern New England Wednesday night into Thursday. |This will brought periods of very heavy rain and strong to damaging |winds to the region.",96
858603,SUFFOLK (ZONE), ,10/17/2019,140,High Wind,55.00, ,0,0,0,0,MA,EST-5,MG,142499,Z,15,BOX,0,0,Mesonet, , , , , , , , ,10/17/2019,240, , , , ,"In Winthrop there was a wind gust to 63 mph.","A powerful coastal storm developed along the NJ coast then moved|northeast across southern New England Wednesday night into Thursday. |This will brought periods of very heavy rain and strong to damaging |winds to the region.",97
858604,SUFFOLK (ZONE), ,10/17/2019,142,High Wind,61.00, ,0,0,0,0,MA,EST-5,MG,142499,Z,15,BOX,0,0,ASOS, , , , , , , , ,10/17/2019,242, , , , ,"At Logan Airport there was a wind gust of 70 mph.","A powerful coastal storm developed along the NJ coast then moved|northeast across southern New England Wednesday night into Thursday. |This will brought periods of very heavy rain and strong to damaging |winds to the region.",98
858612,SUFFOLK (ZONE), ,10/17/2019,152,High Wind,44.00, ,0,0,0,0,MA,EST-5,MS,142499,Z,15,BOX,0,0,Mesonet, , , , , , , , ,10/17/2019,252, , , , ,"At Pleasure Bay there was a sustained wind of 51 mph.","A powerful coastal storm developed along the NJ coast then moved|northeast across southern New England Wednesday night into Thursday. |This will brought periods of very heavy rain and strong to damaging |winds to the region.",99
858613,SUFFOLK (ZONE), ,10/17/2019,152,High Wind,55.00, ,0,0,0,0,MA,EST-5,MG,142499,Z,15,BOX,0,0,Mesonet, , , , , , , , ,10/17/2019,252, , , , ,"At Pleasure Bay there was a wind gust of 63 mph.","A powerful coastal storm developed along the NJ coast then moved|northeast across southern New England Wednesday night into Thursday. |This will brought periods of very heavy rain and strong to damaging |winds to the region.",100
858614,SUFFOLK (ZONE), ,10/17/2019,153,High Wind,55.00, ,0,0,0,0,MA,EST-5,MG,142499,Z,15,BOX,0,0,Mesonet, , , , , , , , ,10/17/2019,253, , , , ,"At Carson Beach there was a wind gust of 63 mph.","A powerful coastal storm developed along the NJ coast then moved|northeast across southern New England Wednesday night into Thursday. |This will brought periods of very heavy rain and strong to damaging |winds to the region.",101
858615,SUFFOLK (ZONE), ,10/17/2019,153,High Wind,45.00, ,0,0,0,0,MA,EST-5,MS,142499,Z,15,BOX,0,0,Mesonet, , , , , , , , ,10/17/2019,253, , , , ,"At Carson Beach there was a sustained wind of 52 mph.","A powerful coastal storm developed along the NJ coast then moved|northeast across southern New England Wednesday night into Thursday. |This will brought periods of very heavy rain and strong to damaging |winds to the region.",102
858617,SUFFOLK (ZONE), ,10/17/2019,154,High Wind,42.00, ,0,0,0,0,MA,EST-5,MS,142499,Z,15,BOX,0,0,ASOS, , , , , , , , ,10/17/2019,254, , , , ,"At Logan Airport there was a sustained wind of 48 mph.","A powerful coastal storm developed along the NJ coast then moved|northeast across southern New England Wednesday night into Thursday. |This will brought periods of very heavy rain and strong to damaging |winds to the region.",103
858618,SUFFOLK (ZONE), ,10/17/2019,154,High Wind,40.00, ,0,0,0,0,MA,EST-5,MS,142499,Z,15,BOX,0,0,Mesonet, , , , , , , , ,10/17/2019,254, , , , ,"At Revere Beach there were sustained winds of 46 mph.","A powerful coastal storm developed along the NJ coast then moved|northeast across southern New England Wednesday night into Thursday. |This will brought periods of very heavy rain and strong to damaging |winds to the region.",104
858619,SUFFOLK (ZONE), ,10/17/2019,200,High Wind,54.00, ,0,0,0,0,MA,EST-5,MG,142499,Z,15,BOX,0,0,ASOS, , , , , , , , ,10/17/2019,300, , , , ,"At logan airport there was a wind gust of 62 mph.","A powerful coastal storm developed along the NJ coast then moved|northeast across southern New England Wednesday night into Thursday. |This will brought periods of very heavy rain and strong to damaging |winds to the region.",105
858630,SUFFOLK (ZONE), ,10/17/2019,214,High Wind,51.00, ,0,0,0,0,MA,EST-5,MG,142499,Z,15,BOX,0,0,Mesonet, , , , , , , , ,10/17/2019,314, , , , ,"At Revere Beach there was a wind gust of 59 mph.","A powerful coastal storm developed along the NJ coast then moved|northeast across southern New England Wednesday night into Thursday. |This will brought periods of very heavy rain and strong to damaging |winds to the region.",106
859500,SUFFOLK (ZONE), ,10/17/2019,650,Strong Wind,45.00, ,0,0,1000,0,MA,EST-5,EG,142499,Z,15,BOX,0,0,Amateur Radio, , , , , , , , ,10/17/2019,750, , , , ,"At Point Shirley there was a tree down on a car along Bayview Ave.","A powerful coastal storm developed along the NJ coast then moved|northeast across southern New England Wednesday night into Thursday. |This will brought periods of very heavy rain and strong to damaging |winds to the region.",107
860801,SUFFOLK (ZONE), ,10/28/2019,946,Coastal Flood, , ,0,0,0,0,MA,EST-5, ,143475,Z,15,BOX,0,0,Amateur Radio, , , , , , , , ,10/28/2019,1022, , , , ,"Morrissey Boulevard at Freeport Street and the UMass-Boston entrance was flooded and impassable due to coastal flooding.","High astronomical tides, along with onshore flow and rough seas led to splashover and minor coastal flooding around the time of the late morning high tide in eastern Massachusetts.",108
869448,SUFFOLK (ZONE), ,01/12/2020,405,Strong Wind,43.00, ,0,0,500,0,MA,EST-5,EG,144786,Z,15,BOX,0,0,Amateur Radio, , , , , , , , ,01/12/2020,405, , , , ,"An amateur radio operator reported a tree down on Fenway near Hemenway Terrace in Boston.","High pressure offshore and a weather system over the Midwest combined |to bring southwest winds along the Eastern Seaboard that led to some minor damage.",109
874884,SUFFOLK (ZONE), ,02/07/2020,1530,High Wind,52.00, ,0,1,4000,0,MA,EST-5,MG,145655,Z,15,BOX,0,0,Mesonet, , , , , , , , ,02/07/2020,1700, , , , ,"A mesonet site at Pleasure Bay in Boston recorded a wind gust to 60 mph at 417 PM EST while nearby at a mesonet site at Carson Beach, there was a gust to 58 mph at 402 PM EST.  Boston's Logan International Airport ASOS (KBOS) recorded a gust to 56 mph at 257 PM EST.  In Boston at approximately 4 PM EST scaffolding fell from a building on Causeway Street near TD Garden, hitting one person and sending them to the hospital with minor injuries. Also in Boston at 459 PM EST, a tree was down on wires on Station Street.","Powerful low pressure moved from eastern Pennsylvania across central Connecticut and central Massachusetts on February 7, 2020.  A southerly jet of 85 to 95 mph was just above the surface at 925 mb.  Damaging winds occurred across much of eastern Massachusetts and Rhode Island with some damage reported farther to the west. There were widespread power outages and numerous trees down, some falling on homes and vehicles.  Late in the evening, as of 11 PM, more than 66,000 residents remained without power.",110
875433,SUFFOLK (ZONE), ,03/06/2020,2300,Strong Wind,39.00, ,0,0,800,0,MA,EST-5,MG,145739,Z,15,BOX,0,0,ASOS, , , , , , , , ,03/07/2020,200, , , , ,"At 12 AM EST (midnight) on March 7, the ASOS at Logan International Airport (KBOS) recorded a wind gust to 45 mph.  A few minutes earlier a CWOP station at Winthrop measured a gust to 38 mph.  At 1125 PM EST on March 6, amateur radio operators reported a tree and power line down on Idaho Street in the Lower Mills section of southern Boston.","A bomb cyclone was located over the ocean waters well to the southeast of Nantucket.  It caused some light snow over southeast Massachusetts, but more importantly, winds gusted to more than 60 mph, causing some damage.",111
